name,vendor_id
Dry Beets,1
Fierce Greens,2
Heavy Chicken,2
Yummy Fruit,3
Green Apples,4
Smooth Mushrooms,4
Quaint Beef,4
Shaky Honey,5
Large Mushrooms,5
Black Apples,5
Gigantic Bread,6
Gorgeous Fish,6
Curved Pretzel,6
Stupendous Carrots,7
Comfortable Pretzel,8
Obedient Fish,8
Defeated Apples,8
Yellow Bread,8
Jealous Burrito,9
Tall Pretzel,9
Embarrassed Bread,9
Purring Beets,9
Calm Carrots,10
Fierce Beef,10
Helpless Bread,10
Yummy Bread,10
Broken Beets,10
Quiet Honey,11
Crazy Fish,11
Depressed Beets,11
Sore Chicken,11
Disgusted Carrots,11
Tired Bread,12
Clumsy Chicken,12
Massive Apples,12
Mute Beef,13
Grand Honey,13
Bland Burrito,13
Horrible Burrito,14
Bad Chicken,14
Thundering Carrots,15
Grubby Beef,15
Skinny Mushrooms,15
Repulsive Chicken,15
Bland Chicken,16
Miniature Fish,16
Delicious Carrots,16
Robust Burrito,16
M Greens,16
Quaint Bread,17
Successful Apples,18
Sticky Fish,18
– Bread,18
Miniature Beets,18
Delightful Chicken,19
Nom nom Beef,19
Anxious Carrots,19
Thoughtless Honey,20
Cheerful Fish,21
Colossal Beets,21
Amused Apples,21
Righteous Fish,21
Rainy Bread,21
Fresh Apples,22
Worried Pretzel,22
Homeless Honey,22
Loose Fish,22
Better Apples,23
Swift Pretzel,23
Annoyed Fish,23
Mighty Beef,23
Ordinary Honey,23
Jolly Greens,24
Amused Beets,25
Obnoxious Fruit,26
Tough Beets,26
Harsh Greens,26
High Mushrooms,27
Weak Fish,27
Steep Beets,27
Worried Pretzel,27
Dangerous Mushrooms,27
Silly Beef,28
Hushed Honey,28
Agreeable Honey,28
Incredible Burrito,29
Combative Bread,29
Clumsy Chicken,29
Pickled Mushrooms,30
Tense Greens,30
Spicy Mushrooms,30
Frightened Honey,31
Upset Honey,31
Quaint Greens,31
Dirty Mushrooms,31
Harsh Carrots,31
Jolly Beef,32
Watery Pretzel,32
Hot Beef,32
Blue Chicken,32
Mute Chicken,33
Rainy Fish,33
Short Greens,33
Nutty Pretzel,34
Happy Mushrooms,34
Tan Fruit,34
Colossal Greens,34
Perfect Apples,34
Late Mushrooms,35
Smiling Beef,35
Spotty Chicken,35
Jolly Beef,35
Tall Carrots,36
Short Beets,36
Stupendous Greens,36
Better Beef,36
Jolly Apples,36
Dry Beef,37
Rotten Bread,38
Heavy Fruit,38
Immense Honey,38
Lazy Greens,38
Kickin' Pretzel,38
Silly Greens,39
Panicky Bread,39
Jittery Mushrooms,39
Helpful Fish,40
Nice Mushrooms,40
Friendly Burrito,40
Bitter Pretzel,40
Tasteless Greens,40
Sharp Chicken,41
– Fish,41
High Fish,41
Bland Apples,41
Pretty Fruit,42
Great Bread,42
Tough Beets,42
Fluffy Beef,42
Splendid Honey,42
Hurt Honey,43
Precious Fish,43
Striped Beef,43
Husky Beets,43
Pretty Beets,44
Watery Fish,44
Robust Beef,45
Helpless Beets,45
Heavy Honey,45
Rotten Bread,45
Exuberant Mushrooms,45
Many Beef,46
Elated Pretzel,46
Grubby Beets,46
Frightened Beets,46
Faithful Fruit,47
Square Honey,47
Grumpy Fruit,48
Tight Bread,48
Empty Carrots,49
Fantastic Beef,49
Hungry Honey,49
Greasy Beets,49
Squealing Apples,50
Fresh Apples,52
Depressed Carrots,54
Kind Beef,54
Loose Beets,54
Grubby Beets,54
Wasteful Burrito,54
Steep Honey,56
Repulsive Greens,56
Swift Carrots,56
Homeless Pretzel,56
Numerous Beets,56
Purring Apples,57
Straight Honey,57
Enthusiastic Bread,58
Dangerous Fish,58
Ripe Pretzel,59
Purring Beets,59
Mysterious Greens,59
Embarrassed Bread,59
Mute Beef,59
Tiny Beets,60
Big Carrots,60
Moaning Honey,60
Dusty Honey,61
Frantic Beets,61
Tender Bread,62
Odd Pretzel,62
Crazy Pretzel,62
Resonant Beets,62
Lively Apples,62
Tricky Bread,63
S Bread,64
Shivering Fruit,64
Frightened Fish,64
Annoyed Bread,64
Young Beef,64
Jittery Pretzel,65
Plastic Honey,65
Shaky Greens,66
Charming Apples,66
Curved Mushrooms,67
Healthy Pretzel,67
Purring Apples,67
Pickled Fruit,68
Fluffy Fruit,69
Strange Pretzel,69
Faint Fruit,69
Lazy Bread,70
Kind Fish,70
Thirsty Pretzel,70
Successful Fruit,70
Cheerful Bread,70
Spicy Fruit,71
Scrumptious Greens,71
Gentle Carrots,71
Lucky Mushrooms,71
Lonely Honey,71
Hard Bread,72
Mysterious Bread,72
Robust Fruit,72
Horrible Beef,72
Soft Apples,72
Quaint Fish,73
Uptight Bread,73
Frantic Pretzel,74
Hard Bread,74
Excited Fruit,74
Lazy Carrots,74
Incredible Chicken,75
Wonderful Honey,75
Faint Greens,76
Robust Mushrooms,76
Splendid Beef,76
Fluffy Chicken,77
Foolish Beets,77
Colossal Carrots,77
Frightened Fish,78
Short Chicken,79
Charming Beets,81
Hilarious Apples,81
Strong Beef,82
Weak Beets,82
Faint Honey,82
Kind Fruit,83
Strong Pretzel,84
Faint Fish,84
Round Pretzel,85
Charming Beef,85
Curved Beef,85
Salty Bread,85
Selfish Chicken,85
Purring Honey,86
Hot Chicken,86
Empty Burrito,86
Light Chicken,86
Scary Beef,86
Wide-eyed Fish,87
Mighty Apples,87
Tasteless Burrito,87
R Greens,88
Relieved Fruit,88
Boring Pretzel,89
Big Carrots,89
Miniature Fruit,89
Elated Carrots,89
Incredible Bread,89
Jealous Apples,90
Frightened Greens,92
Harsh Honey,92
Elated Carrots,92
Lonely Honey,92
Edible Mushrooms,92
Steep Burrito,93
– Mushrooms,94
Terrible Fruit,95
Rotten Fruit,95
Ugly Bread,95
Husky Greens,95
Grubby Burrito,95
Curly Fruit,96
Hungry Greens,97
Rapid Beets,98
Strange Honey,98
Relieved Fish,99
Better Beef,99
Thirsty Pretzel,99
Sharp Bread,99
Grubby Apples,99
Combative Carrots,100
Fair Fruit,100
Cool Fish,100
Bad Pretzel,100
Hurt Burrito,100
Troubled Burrito,101
Fluffy Beef,101
Whispering Chicken,101
Embarrassed Carrots,102
Numerous Fruit,103
Pickled Bread,103
Greasy Beets,103
Deafening Beets,104
Grieving Carrots,105
Empty Apples,105
Curly Fish,105
Amused Greens,105
Salty Carrots,106
Grubby Greens,106
Gorgeous Mushrooms,106
Solid Beef,106
Nasty Apples,106
Sour Fruit,107
Worried Fruit,107
Fresh Carrots,107
Brave Honey,107
Flaky Apples,107
Worried Fruit,108
Late Pretzel,108
Sore Apples,108
Grubby Mushrooms,109
Silent Bread,109
R Fruit,110
Scattered Burrito,110
Silly Beets,110
Skinny Chicken,110
New Fruit,111
Disgusted Greens,111
Mute Fish,111
Yellow Beef,112
Ratty Beef,112
Foolish Honey,112
Grand Fruit,112
Tart Fish,113
Grand Apples,113
Fluffy Beef,113
Victorious Carrots,114
Melted Honey,114
Calm Burrito,115
– Apples,115
Weak Greens,115
Cooperative Beef,116
Tasteless Greens,116
Orange Burrito,116
Grubby Burrito,117
Spicy Pretzel,117
Sticky Chicken,117
Black Chicken,117
Tart Pretzel,117
Rough Apples,120
Tan Fish,120
Fine Fruit,120
Defeated Greens,120
Scattered Pretzel,121
Depressed Fish,121
Quiet Apples,121
Beautiful Fish,122
Mammoth Bread,122
Upset Mushrooms,122
Helpless Honey,122
Thundering Carrots,122
Spotty Mushrooms,123
Bad Carrots,123
Slow Mushrooms,123
Fuzzy Pretzel,125
Swift Mushrooms,125
Early Pretzel,125
Empty Honey,126
Dull Bread,127
– Fruit,127
Righteous Beef,127
Big Beets,127
Grand Burrito,127
Faint Greens,128
Nervous Chicken,129
Quick Greens,131
Faint Apples,132
Smiling Mushrooms,132
Charming Bread,132
Damp Mushrooms,132
Short Burrito,132
Straight Apples,133
Old Carrots,133
Cuddly Beets,133
Defeated Greens,133
Horrible Mushrooms,134
Scrawny Honey,134
Calm Burrito,134
Silky Pretzel,135
Heavy Apples,135
Worried Mushrooms,135
Tense Burrito,135
Heavy Carrots,135
Nasty Apples,136
Shivering Pretzel,136
Purring Greens,138
Selfish Burrito,138
– Honey,138
Brave Bread,138
Bland Pretzel,138
Curly Burrito,139
Early Mushrooms,139
Brave Fish,139
Hissing Greens,140
Swift Greens,141
Whispering Honey,142
Rapid Beef,142
Handsome Beef,142
Rotten Greens,143
Shaggy Greens,143
Juicy Fruit,143
Calm Beef,143
Cruel Carrots,143
Rainy Chicken,144
Fluffy Apples,144
Odd Apples,144
Lonely Greens,144
Ancient Greens,145
Pickled Fish,145
Empty Beef,145
Wet Fruit,145
Screeching Greens,146
Hungry Apples,146
Greasy Carrots,146
Amused Fish,147
Fuzzy Beets,147
M Beef,148
Sticky Honey,148
Ugliest Beets,148
Late Fruit,148
Jumpin' Beef,148
Courageous Apples,150
Greasy Bread,150
Strange Beets,150
Melted Bread,150
Incredible Carrots,150
Plain Apples,151
Silent Greens,152
Handsome Burrito,152
Tricky Honey,153
Naughty Fish,153
Victorious Beets,153
Deafening Fish,153
Tan Mushrooms,154
Scrawny Mushrooms,154
Faint Fruit,154
Uptight Fish,155
Dizzy Apples,155
Short Honey,155
Cooperative Fruit,156
Dizzy Fruit,156
Jealous Carrots,156
Dry Beets,156
Thirsty Fruit,156
Strange Mushrooms,157
Stingy Pretzel,157
Ancient Carrots,157
Delightful Beets,157
Flat Chicken,158
Splendid Fruit,158
Cuddly Chicken,158
Cruel Fruit,158
Plain Chicken,159
Stale Carrots,159
Selfish Bread,160
Jolly Mushrooms,160
Bright Burrito,160
Fluffy Burrito,160
Cruel Beets,160
Many Fish,162
Spicy Greens,162
Nosy Burrito,162
Incredible Carrots,162
Rough Honey,163
Helpless Carrots,163
Blue Pretzel,163
Slimy Fruit,163
Black Burrito,163
Afraid Fruit,164
Breezy Apples,164
Disgusted Burrito,164
Fat Burrito,164
Depressed Pretzel,164
Sad Carrots,165
– Honey,165
Fine Beef,165
Cuddly Fish,165
Rainy Fish,165
Tired Pretzel,166
Tricky Mushrooms,166
Flat Chicken,166
Filthy Fruit,166
Smooth Fish,167
Greasy Apples,167
Uneven Mushrooms,167
Massive Carrots,167
Boom-town Carrots,168
Thoughtless Beets,169
Dull Honey,170
Obnoxious Greens,170
Tired Apples,170
Sharp Chicken,171
Dull Pretzel,171
Faint Beef,171
Plain Beets,172
Early Burrito,172
Scrawny Burrito,172
Sticky Burrito,174
Homeless Honey,174
Hot Chicken,174
Tame Beets,175
Kind Greens,175
Tiny Chicken,176
Early Burrito,176
Fluffy Fish,176
Blue Pretzel,176
Rough Beef,177
Brief Apples,177
Mighty Bread,177
Scrawny Beets,177
Depressed Burrito,178
Cuddly Pretzel,178
Big Honey,178
Jittery Carrots,178
Hissing Apples,178
Annoyed Fish,179
Dry Fish,179
Hissing Fish,179
Immense Carrots,181
Massive Fruit,182
Charming Pretzel,182
Comfortable Apples,182
Successful Beets,183
Handsome Pretzel,183
Shrill Fish,183
Nom nom Apples,183
Plastic Apples,183
Tricky Apples,184
Curly Fish,185
Successful Beets,186
Raspy Burrito,186
Silky Chicken,187
Tasteless Burrito,187
Whispering Beef,187
Broken Bread,187
Kickin' Greens,189
Melted Greens,189
Hissing Greens,189
Bitter Pretzel,189
Tart Beef,189
Nervous Fish,190
Numerous Pretzel,190
Modern Carrots,191
Upset Apples,191
Calm Bread,191
Terrible Beef,191
Rare Burrito,192
Shrill Beets,192
Hushed Chicken,192
Helpless Beef,192
Swift Carrots,193
Uneven Burrito,193
Evil Burrito,193
Breezy Fruit,193
Arrogant Beets,193
Quick Fish,194
Frightened Greens,194
Kind Bread,195
Dusty Fish,195
Panicky Apples,195
Annoyed Greens,195
Average Fish,195
Breezy Apples,196
Righteous Greens,196
Narrow Apples,196
Giant Beef,196
Giant Beef,197
Pleasant Bread,197
Upset Carrots,197
– Honey,198
Frantic Beef,198
Tall Pretzel,198
Whispering Chicken,198
Fuzzy Carrots,200
Thundering Honey,200
Creepy Beef,201
Fluffy Beef,201
Dangerous Mushrooms,202
Tender Fruit,203
Solid Chicken,203
Breezy Apples,204
Many Carrots,204
Round Chicken,204
Late Beets,204
Massive Fish,205
Grubby Fish,207
Small Apples,207
Nice Apples,207
Deep Chicken,207
Troubled Apples,208
Miniature Beets,208
Wooden Bread,208
Shallow Fruit,208
Tense Beets,208
Melodic Chicken,209
Late Beets,209
Troubled Honey,209
Slippery Burrito,209
Mysterious Fruit,209
Handsome Pretzel,210
Flat Fruit,211
Afraid Fish,211
Shivering Apples,212
Empty Greens,212
Cool Mushrooms,212
Foolish Beef,212
Thundering Beef,213
Juicy Carrots,214
Friendly Beef,214
Ugliest Fish,214
Mammoth Pretzel,215
Solid Greens,215
Tame Apples,215
Kind Chicken,216
Steep Pretzel,216
Lovely Burrito,216
Repulsive Pretzel,216
Victorious Pretzel,216
Eager Fruit,217
Many Honey,219
Frantic Fruit,219
Anxious Mushrooms,220
Smooth Chicken,220
Silky Mushrooms,220
Filthy Fish,220
Giant Greens,221
Arrogant Beets,221
Tasteless Beef,221
Stale Fruit,221
Brief Carrots,221
Scary Beets,222
Dangerous Carrots,222
Splendid Bread,222
Strong Greens,222
Round Fish,222
Low Pretzel,223
Wonderful Pretzel,223
Lively Beef,224
Fluffy Bread,224
Witty Beets,224
Tender Greens,225
Rainy Bread,225
Outrageous Chicken,225
Thundering Burrito,225
Nasty Bread,226
Striped Pretzel,227
Funny Honey,228
Husky Honey,229
Moaning Apples,229
Thundering Fish,229
Thirsty Burrito,229
Enthusiastic Fruit,229
Round Apples,230
Fuzzy Greens,230
Determined Fish,230
Mammoth Greens,231
Foolish Honey,231
Faint Pretzel,231
Enthusiastic Beef,231
Dull Fruit,231
Mighty Fish,232
Ordinary Mushrooms,232
Anxious Chicken,233
Broken Apples,233
Harsh Fish,233
Horrible Beets,233
Prickly Honey,233
Shallow Greens,234
Solid Beets,235
Empty Honey,235
Thoughtless Carrots,236
Great Honey,237
Agreeable Pretzel,237
Greasy Honey,237
Angry Greens,237
Fluffy Chicken,237
Rainy Pretzel,239
Cool Burrito,240
Eager Fruit,240
Repulsive Fish,240
Hilarious Beef,240
Combative Pretzel,240
Moaning Beef,241
Heavy Bread,241
Embarrassed Mushrooms,241
Few Beets,241
Uneven Burrito,241
Repulsive Beef,242
Anxious Greens,242
Smooth Apples,242
Deep Carrots,242
Obnoxious Pretzel,242
Low Fish,243
Kickin' Honey,243
Lively Carrots,243
Hard Chicken,244
Yellow Pretzel,244
Happy Greens,244
Tart Carrots,244
Lucky Beets,245
Grubby Pretzel,245
S Bread,245
Lonely Carrots,245
Ugly Apples,246
Grand Chicken,246
Kickin' Beets,247
Panicky Fruit,247
Splendid Beef,247
Greasy Fruit,247
Frightened Chicken,248
Greasy Carrots,248
Blue Apples,248
Great Carrots,248
Grand Beef,249
Cruel Mushrooms,249
Screeching Apples,249
Gentle Honey,250
– Carrots,250
Tasteless Fish,250
Thoughtful Honey,250
Green Bread,251
Gorgeous Honey,251
Tart Pretzel,251
Prickly Carrots,251
Melted Greens,252
Resonant Fruit,252
Lazy Fish,252
Screeching Pretzel,253
Hungry Greens,253
Ripe Beets,254
Lazy Beets,254
Agreeable Fish,254
R Burrito,254
Fast Bread,256
Square Beets,256
Jolly Carrots,257
Slow Honey,257
Obnoxious Chicken,257
Quickest Chicken,258
Mysterious Apples,259
Outrageous Apples,259
Colossal Pretzel,259
Helpful Chicken,260
Curly Chicken,260
Righteous Bread,261
Hurt Bread,261
Crazy Carrots,261
Flat Pretzel,262
Fuzzy Fish,262
Disgusted Bread,262
Eager Greens,262
Plastic Bread,263
Thirsty Fruit,263
Anxious Beef,263
Bright Honey,263
Lucky Carrots,264
Witty Fish,264
Obnoxious Beets,264
Young Apples,265
Vivacious Mushrooms,265
Square Apples,265
Quiet Apples,267
Foolish Pretzel,268
Kickin' Mushrooms,268
Straight Honey,268
Disgusted Fruit,268
Jittery Greens,268
Harsh Mushrooms,269
Wonderful Honey,269
Plain Carrots,269
Filthy Greens,269
Weary Honey,270
Lovely Beets,271
Thoughtful Honey,271
Young Greens,271
Wasteful Chicken,271
Sweet Beef,271
High Burrito,272
Friendly Carrots,273
Tough Chicken,274
Cool Beets,274
Kickin' Burrito,274
Shaky Carrots,274
Massive Beef,274
Dry Beef,275
Selfish Beef,275
Cooing Bread,275
Rough Apples,275
Spotty Greens,276
Splendid Mushrooms,276
Tame Honey,276
Resonant Beef,276
Nice Mushrooms,276
Square Beef,277
Greasy Pretzel,277
Broad Pretzel,278
Better Beef,279
Confused Carrots,279
Zany Burrito,279
Quickest Chicken,279
Cold Bread,279
R Apples,280
Short Mushrooms,280
Blue Bread,280
Victorious Mushrooms,283
Lucky Fruit,283
Fine Mushrooms,283
Ugly Carrots,283
Panicky Carrots,284
Pickled Fruit,284
S Apples,285
Hot Beef,285
Zany Apples,286
Tricky Beets,286
Handsome Apples,286
Plastic Beef,286
Boiling Burrito,286
Defeated Honey,287
Cheerful Greens,287
– Bread,287
Striped Burrito,287
Selfish Fruit,288
Few Greens,289
Dirty Burrito,289
Giant Apples,290
Mammoth Fish,290
Rainy Beef,290
Yummy Greens,290
Bumpy Pretzel,290
Happy Apples,291
Bland Beets,291
Grubby Beef,292
Straight Carrots,294
Thirsty Mushrooms,294
Greasy Mushrooms,294
Melodic Fruit,295
Jumpin' Mushrooms,295
Bland Greens,296
Brave Fish,296
Hard Carrots,296
Victorious Apples,296
Bland Bread,297
Nom nom Greens,297
Sad Mushrooms,297
Silky Apples,299
Stale Carrots,299
Comfortable Apples,299
Black Pretzel,300
Long Mushrooms,301
Boring Burrito,301
Thirsty Burrito,301
Zany Pretzel,301
Hurt Burrito,302
Shallow Mushrooms,303
Gentle Carrots,303
Weak Mushrooms,303
Stale Burrito,304
Tender Mushrooms,304
Mammoth Greens,304
Squealing Chicken,305
Agreeable Mushrooms,305
Comfortable Fruit,306
Grumpy Pretzel,306
Shallow Pretzel,307
Uneven Carrots,307
Annoyed Fish,308
Grubby Fish,308
Nervous Beef,308
Wooden Bread,308
Lovely Mushrooms,309
Lively Bread,310
Ratty Beets,310
Encouraging Fish,310
Upset Honey,311
Yellow Burrito,311
Sticky Beets,312
Amused Burrito,312
R Chicken,312
Plain Carrots,313
Foolish Beets,313
Spicy Honey,313
Precious Apples,313
Cruel Burrito,314
Shivering Bread,314
Many Beef,314
Ugliest Beef,314
Smiling Fish,315
Curved Apples,315
Pickled Greens,316
Strange Honey,316
Giant Mushrooms,316
Moaning Burrito,317
Arrogant Honey,317
Eager Fish,318
Edible Apples,318
Hissing Bread,318
Wide Pretzel,319
Round Carrots,319
Uneven Carrots,319
Ripe Pretzel,319
Sticky Apples,320
Upset Honey,321
Silent Apples,321
Tender Fish,321
Cooing Beets,321
Silly Honey,322
Zany Burrito,322
Brave Beef,323
Tense Greens,323
Cooperative Carrots,323
Numerous Greens,323
Ordinary Fish,324
Wonderful Bread,324
Stale Burrito,325
Weak Beets,325
Fantastic Fruit,325
Uneven Greens,325
Amused Burrito,325
Deafening Beets,326
Hot Chicken,326
Wicked Fruit,326
Splendid Beef,326
Greasy Honey,327
Cooing Mushrooms,327
Modern Beef,327
Jolly Carrots,327
Rough Carrots,327
Petite Carrots,328
Jolly Fruit,329
Bright Burrito,330
Average Burrito,330
Faithful Fruit,330
Rare Bread,331
Rare Chicken,332
Nervous Beef,332
Testy Honey,333
Hot Greens,333
Repulsive Mushrooms,333
Sharp Beets,333
Terrible Beets,333
Fine Mushrooms,334
Gigantic Bread,334
Annoyed Fish,334
Grieving Burrito,335
Wasteful Apples,335
Delightful Bread,336
Jittery Greens,336
Deafening Apples,336
Outrageous Carrots,337
M Fruit,337
Witty Pretzel,337
Healthy Pretzel,338
Ripe Beef,339
Tall Honey,340
Yummy Burrito,341
Moist Honey,341
Little Greens,341
Curved Bread,342
Tame Apples,343
R Beets,343
Purring Fruit,343
Good Pretzel,343
Small Honey,343
Grand Bread,344
Uptight Fish,344
Successful Carrots,344
Nervous Pretzel,344
Pleasant Bread,345
Fast Mushrooms,345
Square Greens,345
Naughty Chicken,345
Naughty Carrots,346
Dizzy Chicken,346
Fantastic Beets,347
Scattered Beets,347
Dizzy Carrots,347
Excited Burrito,348
Weak Beef,348
Itchy Carrots,348
New Carrots,348
Husky Mushrooms,349
Frantic Beets,349
Testy Mushrooms,350
Encouraging Honey,350
Roasted Bread,350
Clumsy Honey,350
Loud Pretzel,351
Stale Beef,351
– Chicken,351
Excited Apples,351
Thoughtful Greens,351
Average Mushrooms,352
Tasteless Pretzel,352
Tasteless Carrots,352
Slimy Pretzel,352
Fantastic Carrots,353
Steady Fruit,354
Tricky Pretzel,354
Sore Bread,354
Great Greens,354
Steep Bread,354
Delicious Greens,355
Stale Bread,355
Slimy Honey,355
Itchy Beef,356
Cheerful Carrots,356
Nasty Carrots,356
Resonant Carrots,357
Combative Beef,357
Grubby Bread,357
Grumpy Fish,358
Silent Apples,359
Gorgeous Carrots,359
Mute Honey,360
Squealing Fruit,360
Sad Beef,360
Husky Honey,362
Tiny Fish,362
Shivering Apples,362
Little Bread,363
Large Mushrooms,363
Average Beef,364
Tasteless Honey,364
Obnoxious Burrito,364
Tired Beets,364
Rare Pretzel,364
Skinny Carrots,365
Dizzy Mushrooms,365
Gigantic Fish,365
Nasty Fish,366
Scrumptious Beef,366
Tricky Apples,366
Shaggy Chicken,366
Silly Apples,366
Quickest Burrito,367
Frantic Fruit,367
Little Apples,367
Magnificent Greens,367
Charming Fish,368
Kickin' Fruit,368
Numerous Chicken,368
Soft Beef,368
Defiant Honey,368
Scary Beets,369
Lively Mushrooms,369
Uptight Burrito,369
Amused Chicken,369
Ancient Apples,370
Tan Fruit,370
Huge Honey,370
Watery Greens,370
Hilarious Fish,371
Thirsty Fruit,371
Melted Apples,371
Upset Bread,371
Cold Bread,371
Screeching Bread,372
Orange Honey,372
Chilly Honey,372
Jolly Honey,372
Cooing Honey,373
Boom-town Chicken,373
Wet Chicken,373
Black Honey,373
Scary Burrito,373
Zany Mushrooms,375
Young Fish,375
Low Bread,375
Tight Fish,375
Red Carrots,376
Fluffy Carrots,377
Confused Beef,377
Cold Beets,378
Silent Bread,379
Helpful Beets,379
Healthy Chicken,379
Fantastic Bread,379
Raspy Burrito,379
Moist Fish,380
Giant Apples,380
Whispering Chicken,380
Ugliest Beef,380
Determined Carrots,381
Perfect Chicken,381
Slow Carrots,381
Delightful Fish,381
Wasteful Pretzel,382
Excited Chicken,383
Savory Bread,383
Bland Greens,383
Strong Beef,383
Calm Burrito,384
Fierce Greens,384
Flat Bread,385
Bitter Beef,385
Swift Carrots,386
Hilarious Greens,386
Obedient Mushrooms,387
Nervous Beef,387
Terrible Fruit,388
Purple Burrito,388
Prickly Pretzel,389
– Apples,390
Straight Chicken,390
Embarrassed Beef,390
Swift Fish,390
Panicky Apples,390
Ratty Fish,391
Shaggy Fruit,391
Dirty Chicken,392
Pretty Fish,392
Repulsive Fish,393
Great Honey,393
New Beets,393
Moaning Bread,393
Green Beef,393
Fantastic Fruit,394
Sticky Beef,394
Stale Greens,394
Charming Beets,395
Silky Bread,395
Red Fruit,395
Quaint Fruit,396
Envious Burrito,397
Purring Carrots,397
Energetic Fruit,398
Shrill Mushrooms,398
Comfortable Mushrooms,398
Nasty Mushrooms,398
Roasted Honey,399
Early Chicken,399
Faint Burrito,399
Wooden Fish,399
Grumpy Bread,400
Handsome Greens,400
Wide Bread,400
Energetic Carrots,400
Slippery Honey,400
Ugliest Pretzel,401
Little Carrots,401
Slow Chicken,402
Frantic Bread,403
Swift Greens,403
Deafening Greens,404
Bright Beets,404
Evil Mushrooms,404
Fluffy Mushrooms,405
Tasty Burrito,405
New Carrots,405
Determined Chicken,405
Dizzy Beef,405
Crazy Fish,406
Cold Beets,406
Proud Apples,406
Embarrassed Fish,408
Shaggy Mushrooms,409
– Burrito,410
Salty Honey,410
Squealing Bread,410
Raspy Carrots,411
Eager Mushrooms,411
Shaky Bread,411
Witty Apples,412
Slimy Apples,413
Hushed Greens,413
R Greens,414
Nervous Mushrooms,414
Frail Beef,415
Naughty Mushrooms,416
Hot Pretzel,416
Chilly Bread,416
Colossal Apples,417
Filthy Fish,417
Red Carrots,417
Gorgeous Mushrooms,417
Weary Beets,421
Tender Apples,421
Wicked Beets,421
Squealing Bread,421
Silky Chicken,421
Loud Pretzel,422
Melodic Mushrooms,422
Helpless Burrito,422
Weak Mushrooms,422
Yummy Beef,422
Modern Chicken,423
Gigantic Greens,423
Comfortable Carrots,423
Stupendous Burrito,423
Voiceless Honey,424
Breezy Apples,424
Salty Honey,424
Scattered Carrots,424
Kickin' Honey,425
Shallow Pretzel,425
Round Greens,425
Scrawny Fruit,425
Wonderful Fish,425
Agreeable Greens,426
Happy Fish,426
Hot Beef,427
Mute Carrots,427
Steep Fish,427
Shaggy Carrots,428
Jolly Honey,429
Jumpin' Apples,429
Tall Honey,429
Slimy Bread,430
Cooing Greens,430
Enthusiastic Beef,431
Yellow Bread,431
Disturbed Mushrooms,431
Slimy Bread,431
Sweet Pretzel,431
Melodic Fish,432
Few Mushrooms,433
Pickled Mushrooms,433
Embarrassed Fish,433
Shivering Fish,433
Scrumptious Bread,433
Miniature Fish,434
Agreeable Fruit,434
Broken Chicken,434
Combative Fruit,434
Plastic Fruit,434
Hushed Apples,435
Fuzzy Chicken,436
Dull Apples,436
Puny Mushrooms,436
Gorgeous Bread,436
Jumpin' Apples,436
Slippery Fish,437
Eager Carrots,437
Red Pretzel,437
Handsome Beef,438
Tough Mushrooms,438
Dangerous Apples,439
Orange Chicken,439
Cold Honey,439
Boring Fish,439
Selfish Apples,440
High Mushrooms,440
Victorious Mushrooms,440
Gorgeous Fish,441
Shallow Honey,441
Grubby Chicken,442
Fast Apples,442
Large Honey,442
Arrogant Chicken,442
Mighty Mushrooms,442
Heavy Chicken,443
Sad Greens,443
Mute Beef,443
Dusty Burrito,443
Steady Beef,444
Giant Honey,444
Wide Pretzel,444
Cheesy Beets,445
Ugliest Honey,445
Perfect Carrots,445
Red Chicken,446
Repulsive Fruit,446
Scary Fish,446
Flaky Burrito,446
Broken Carrots,448
Roasted Fruit,448
Worried Honey,448
Excited Greens,448
Grand Fish,450
Broken Burrito,450
Scary Mushrooms,450
Plain Apples,450
Purring Burrito,450
Jumpin' Burrito,451
Faint Beets,451
Whispering Pretzel,451
Defiant Apples,451
Mysterious Fish,453
Scrumptious Burrito,453
Delicious Beets,453
Lively Honey,454
Friendly Carrots,454
Dangerous Honey,455
Tiny Pretzel,455
Mammoth Pretzel,455
R Honey,455
Skinny Apples,455
Cooing Honey,456
Broken Fruit,456
Nom nom Burrito,456
Salty Mushrooms,456
Huge Beef,457
Slimy Fish,457
Immense Fish,457
Nasty Mushrooms,457
Thoughtful Beef,458
Sticky Fruit,458
Quiet Beets,458
Scary Fruit,459
Naughty Carrots,459
Scary Beef,459
Anxious Fish,460
Cheesy Pretzel,34
Shivering Bread,54
Light Carrots,411
Fierce Bread,96
Awful Greens,96
Puny Beets,145
Sweet Pretzel,237
Tender Fish,258
Greasy Chicken,272
Repulsive Carrots,414
Ancient Greens,108
Purring Apples,86
Friendly Chicken,269
Cuddly Apples,438
Embarrassed Apples,139
Long Chicken,357
Faint Fruit,376
Witty Honey,238
Defeated Honey,421
Fierce Beef,2
Ancient Bread,71
Orange Apples,212
Dizzy Honey,427
Delicious Bread,55
Weak Fish,144
Fluffy Honey,339
Hot Pretzel,216
M Honey,11
Wonderful Mushrooms,275
Cool Beef,278
Hungry Chicken,460
Old Beets,118
Tired Fruit,190
Steady Honey,208
Sad Mushrooms,43
Tough Beets,104
Tense Greens,256
Obnoxious Fruit,336
Yummy Fish,393
Grubby Greens,5
Testy Beef,82
Green Carrots,175
Defeated Mushrooms,147
Proud Burrito,222
Scattered Pretzel,159
Sore Beets,353
Vast Fish,308
Courageous Beef,213
Eager Fish,312
Good Beets,413
Ordinary Beef,84
Evil Fish,104
Weak Beets,392
Tart Greens,92
Tall Mushrooms,322
Fuzzy Carrots,209
Tight Beef,359
Immense Greens,227
Rough Beef,17
Long Honey,371
Spicy Apples,313
Hungry Greens,70
Scrumptious Beef,265
Sad Apples,3
Ordinary Mushrooms,40
Lazy Fruit,50
Sweet Apples,400
Wet Chicken,439
Watery Beets,132
Cheerful Fish,458
Fantastic Fruit,304
Energetic Fruit,394
R Fish,133
Hungry Bread,455
Deafening Apples,368
Gigantic Bread,347
Mysterious Pretzel,136
Cool Beef,36
Rough Mushrooms,46
Tart Honey,56
Low Beets,401
Lucky Fruit,422
Panicky Beef,272
Beautiful Beets,52
Shivering Beef,313
Relieved Beef,286
Swift Mushrooms,199
Robust Chicken,302
Bland Bread,368
Uneven Fish,49
Weak Greens,369
Hard Chicken,424
Naughty Greens,408
Tense Apples,126
Melodic Honey,70
Disgusted Beets,54
Hurt Fish,60
Prickly Chicken,48
Charming Beef,434
Stingy Bread,59
Handsome Greens,337
Few Apples,454
Ordinary Greens,28
Screeching Beef,207
Grumpy Beef,33
Sweet Fruit,232
Pretty Chicken,325